participant,stitch_type,count,avg_duration,std_duration,avg_yaw_range,std_yaw_range,avg_pitch_range,std_pitch_range,avg_roll_range,std_roll_range
user1_,ch,100,1227.6470588235297,160.35275973915623,696.7920999999999,104.1564711220095,405.6521,66.6079431493722,199.36239999999998,34.132410173323535
user1_,dc,100,4279.579831932774,1291.8067630044368,1020.5101,139.37059237511332,441.64590000000004,66.81169918651972,279.0979,40.84862172203611
user1_,sc,100,2983.3613445378146,688.2532292632354,887.7088,155.22494257225546,333.7123999999999,60.47681589038894,229.19920000000002,35.79487032187713
