participant,stitch_type,count,avg_duration,std_duration,avg_yaw_range,std_yaw_range,avg_pitch_range,std_pitch_range,avg_roll_range,std_roll_range
P7_,ch,20,513.4453781512605,156.62522032763627,625.8259999999999,237.32114978231505,271.2195,128.66193020761813,154.73499999999999,71.50566575454005
P7_,dc,20,5368.487394957983,1155.699822774736,1120.7599999999998,121.77653719005147,549.5319999999999,49.20085381372969,318.0295,41.847309647694196
P7_,sc,20,3435.2941176470586,793.9491173267282,879.2810000000002,81.11724341346911,392.3655,35.21182961378178,249.10899999999998,33.36013187923572
