participant,stitch_type,count,avg_duration,std_duration,avg_yaw_range,std_yaw_range,avg_pitch_range,std_pitch_range,avg_roll_range,std_roll_range
P3_,ch,20,1140.7563025210086,182.50729245707998,558.0895,69.72742985905904,182.40549999999996,29.005087566666646,125.6625,20.42158413909166
P3_,dc,20,5657.142857142858,674.1863411949009,702.3870000000001,53.374947784517786,301.08050000000003,26.78905456991717,222.7665,28.931553237771393
P3_,sc,20,3026.0504201680674,351.6874491079234,588.6845000000001,79.22930256382419,238.61749999999998,21.46864967225466,160.586,24.737781913502268
