participant,stitch_type,count,avg_duration,std_duration,avg_yaw_range,std_yaw_range,avg_pitch_range,std_pitch_range,avg_roll_range,std_roll_range
P4_,ch,20,560.5042016806723,152.1008403361345,388.7325,103.4843948561811,120.82300000000001,35.41352144308725,48.4825,18.387374710654047
P4_,dc,20,4286.134453781513,769.962884183102,905.3610000000001,130.71364564956485,550.213,49.27067465541749,334.57800000000003,48.57670332577129
P4_,sc,20,3340.7563025210084,781.9664129240576,823.3119999999999,133.78772767335576,443.762,51.22990284980052,239.3195,71.00700102630726
