participant,stitch_type,count,avg_duration,std_duration,avg_yaw_range,std_yaw_range,avg_pitch_range,std_pitch_range,avg_roll_range,std_roll_range
P2_,ch,20,1032.3529411764705,165.68213078868578,661.0799999999998,83.93511642929913,251.706,37.29125935122063,153.669,25.73742292849072
P2_,dc,20,4526.050420168067,653.4627984675213,808.6384999999999,83.89357664773867,328.289,41.511483700296715,287.897,34.254462789540284
P2_,sc,20,2615.126050420168,956.2367982614292,639.638,101.4592446551816,285.673,32.62285856573577,211.68,24.96910090491846
