participant,stitch_type,count,avg_duration,std_duration,avg_yaw_range,std_yaw_range,avg_pitch_range,std_pitch_range,avg_roll_range,std_roll_range
P0_,ch,20,2718.4873949579833,1029.6964106543928,749.73,119.17970099811463,167.0425,30.324388843800296,166.54399999999998,36.00495527007359
P0_,dc,20,12138.235294117647,4546.342342089582,792.1235000000001,142.5263734989072,237.7255,34.041459204182196,193.85399999999998,33.49523793018942
P0_,sc,20,9662.18487394958,2627.699784556299,605.5085000000001,114.57837750967673,206.704,28.3292010829815,173.4075,23.346478508545996
