participant,stitch_type,count,avg_duration,std_duration,avg_yaw_range,std_yaw_range,avg_pitch_range,std_pitch_range,avg_roll_range,std_roll_range
P1_,ch,20,1256.7226890756306,296.0617023542148,999.1764999999999,97.35572434505326,462.16150000000005,95.57286394552588,204.23999999999995,48.73841811138314
P1_,dc,20,4546.638655462186,659.3960543988267,1419.2885,93.66104063456699,703.576,84.15060762703978,305.10049999999995,38.75768510566646
P1_,sc,20,2743.2773109243703,872.2570674865533,1385.431,146.29329505824936,650.7845000000001,60.35290817143777,254.09049999999996,53.83956449257367
