participant,stitch_type,count,avg_duration,std_duration,avg_yaw_range,std_yaw_range,avg_pitch_range,std_pitch_range,avg_roll_range,std_roll_range
P6_,ch,20,1253.7815126050423,666.6763175160037,561.2650000000001,112.23623013537116,150.09750000000003,63.11863115396278,206.2835,73.84155004298054
P6_,dc,20,5090.756302521009,878.0069038197503,1218.168,84.75509451354536,459.21000000000004,46.79644227930154,329.58399999999995,29.352709312770436
P6_,sc,20,2768.4873949579833,396.70163116350403,1061.0285000000001,88.0102233990461,371.67049999999995,44.50849946639407,254.26650000000004,33.01070633521797
