participant,stitch_type,count,avg_duration,std_duration,avg_yaw_range,std_yaw_range,avg_pitch_range,std_pitch_range,avg_roll_range,std_roll_range
P5_,ch,20,849.1596638655462,306.6878649506938,528.461,148.91295604815588,122.76550000000002,46.25836815917743,142.393,33.37620306445896
P5_,dc,20,6889.495798319328,2836.4516162529253,1082.4679999999998,162.93242193007504,395.986,55.117637866657525,280.3745,52.426974781595014
P5_,sc,20,4628.151260504202,1671.8230793741898,709.451,113.70157465488332,266.103,41.18015931246504,308.938,59.70792104905346
